,,,,,,,,
,,,,,,,,
,,,,,,,,
,,,,,,,,
,,,,,,,,
,,,,,,,,
,,,,,,,,
,,,,,,,,
,,,,,,,,
,,,,,,,,
,,,,,,,,
,,,,,,,,
,,,,,,,,
,,,,,,,,
,,,,,,,,
,,,,,,,,
,,,,,,,,
,,,,,,,,
,,,,,,,,
,,,,,,,,
,,,,,,,,
,,,,,,,,
,,,,,,,,
,,,,,,,,
,,,,,,,,
,,,,,,,,
,,,,,,,,
,,,,,,,,
,,,,,,,,
,,,,,,,,
,,,,,,,,
,,,,,,,,
,,,,,,,,
,,,,,,,,
,,,,,,,,
,,,,,,,,
,,,,,,,,
,,,,,,,,
,,,,,,,,
,,,,,,,,
,,,,,,,,
,,,,,,,,
,,,,,,,,
,,,,,,,,
,,,,,,,,
,,,,,,,,
,,,,,,,,
,,,,,,,,
,,,,,,,,
,,,,,,,,
,,,,,,,,
,,,,,,,,
,,,,,,,,
,,,,,,,,
,,,,,,,,
,,,,,,,,
,,,,,,,,
,,,,,,,,
,,,,,,,,
,,,,,,,,
,,,,,,,,
,,,,,,,,
,,,,,,,,
,,,,,,,,
,,,,,,,,
,,,,,,,,
,,,,,,,,
,,,,,,,,
,,,,,,,,
,,,,,,,,
,,,,,,,,
,,,,,,,,
,,,,,,,,
,,,,,,,,
,,,,,,,,
,,,,,,,,
,,,,,,,,
,,,,,,,,
,,,,,,,,
,,,,,,,,
,,,,,,,,
,,,,,,,,
,,,,,,,,
,,,,,,,,
,,,,,,,,
,,,,,,,,
,,,,,,,,
,,,,,,,,
,,,,,,,,
,,,,,,,,
,,,,,,,,
,,,,,,,,
David,and Samantha Cowell,Greater Los Angeles Area,thecowellregroup@gmail.com,,Realty ONE Group,Realtors,10/8/2018 0:41,https://linkedin.com/in/david-and-samantha-cowell-85823937/
Maria,Garcia,Greater Los Angeles Area,mariagarcia@tarbell.com,,Tarbell Realtors,Realtor,10/12/2018 17:26,https://linkedin.com/in/maria-garcia-66512395/
Victoria,Kolarik,Greater Los Angeles Area,Victoria@mainstreetgroup.com,,Mainstreet Realtors,Licensed Real Estate Salesperson,11/20/2018 18:15,https://linkedin.com/in/victoria-kolarik-75a0b578/
Raj,Qsar,"Orange County, California Area",Raj@TheBoutiqueRe.com,714-482-6362,The Boutique Real Estate Group,Principal | Owner,10/4/2018 1:23,https://linkedin.com/in/rajqsar/
Blanche,Gomez,Greater Los Angeles Area,blanche@blanchegomez.com,909.912.1898,California Association of Realtors,Director,10/20/2018 10:04,https://linkedin.com/in/blanche-gomez-47999471/
Steve,Almond,"Orange County, California Area",stevealmondrealtor@gmail.com,714-334-3336,Tarbell Realtors,Realtor,10/4/2018 15:23,https://linkedin.com/in/steve-almond-1a090a1b/
Jeremy,Lehman,"Orange County, California Area",jeremy@jeremylehman.com,714-580-3274,Pacific West Association of REALTORS®,Past President // Board of Directors,10/8/2018 4:42,https://linkedin.com/in/jeremylehman/
Dan,Ruiz,Greater Los Angeles Area,dan.ruiz@kw.com,,National Association of REALTORS®,Realtor,10/4/2018 5:38,https://linkedin.com/in/dan-ruiz-926959145/
Nicole,Rouwenhorst,"Orange County, California Area",NicoleRouwenhorst@tarbell.com,,Tarbell Realtors,Realtor,10/9/2018 17:04,https://linkedin.com/in/nicole-rouwenhorst-25b043147/
Ellen,"Bae eBae""""",Greater Los Angeles Area,ellenbae@hotmail.com,,Tri-Counties Association of Realtors Grievance Committee,Chairman,10/5/2018 20:17,https://linkedin.com/in/ellen-bae-ebae-138a243a/
Frank,Spencer,Greater Los Angeles Area,FSpencer10@Gmail.com,,Keller Williams Realty Riverside,Team Leader,10/17/2018 2:16,https://linkedin.com/in/fspencer/
Trecie,Marts,Greater Los Angeles Area,msmarts1@yahoo.com,,Citrus Valley Association of REALTORS,Mobile Membership Relationship Specialist,10/3/2018 23:00,https://linkedin.com/in/trecie-marts-a39b6a15/
Sharon,Wu,Greater Los Angeles Area,RealtorBot@gmail.com,,Tri-Counties Association of Realtors,Global Committee,10/4/2018 0:10,https://linkedin.com/in/sharonwureinvestor/
Paqui,Barton,Greater Los Angeles Area,paqui522@sbcglobal.net,,Keller Williams Realty,"Realtor,",11/27/2018 17:55,https://linkedin.com/in/paqui-barton-a5a6349/
Jose,Nino,Greater Los Angeles Area,jnino561@yahoo.com,,C21 PRIME TIME REALTORS,Broker Associate,10/8/2018 4:10,https://linkedin.com/in/jose-nino-b9621726/
Lorri,Hoch,Greater Los Angeles Area,lorrihoch@gmail.com,,Westcoe Realtors Inc,Realtor,10/19/2018 23:36,https://linkedin.com/in/lorri-hoch-b1551997/
Brian,Hammer,Greater Los Angeles Area,BRIAN@MAINSTREETGROUP.COM,909-938-5801,Mainstreet Realtors,Real Estate Agent,10/18/2018 18:25,https://linkedin.com/in/brian-hammer-789b45168/
Amanda,Cromer,Greater Los Angeles Area,Mandie_sanchez@yahoo.com,909-291-5571,Weichert Realtors 24/7,Real Estate Agent,10/20/2018 18:08,https://linkedin.com/in/amanda-cromer-6a4b6657/
Raymond,Aldama,Greater Los Angeles Area,raymond.aldama@yahoo.com,,Inland Realtors Inc,Real Estate Agent,10/23/2018 18:36,https://linkedin.com/in/raymond-aldama-4576b748/
Robyn,Blair,Greater Los Angeles Area,robynblairrealestate@gmail.com,951-313-9567,Coldwell Banker Residential Brokerage,Sale Associate,10/18/2018 1:15,https://linkedin.com/in/robyn-blair-656a9131/
Johnathan,Chao,Greater Los Angeles Area,johnathanchao@gmail.com,6268231027,"Keller Williams Realty, Inc.",Broker Associate,10/19/2018 0:42,https://linkedin.com/in/johnathan-chao-18aa6015/
Richard,Berenson,Greater Los Angeles Area,rberenson@charter.net,(909) 697-9063,The Associates Realty Group,Agent,10/11/2018 17:28,https://linkedin.com/in/richard-berenson-a0778411/
George,Preciado,Greater Los Angeles Area,georgepreciado@msn.com,951-217-2495,Coldwell Banker,Realtor,10/19/2018 5:13,https://linkedin.com/in/george-preciado-a4a89723/
Carol,Ward,Greater Los Angeles Area,carol@carolward.com,9092683988,Realty ONE Group,Real Estate Broker,10/16/2018 16:45,https://linkedin.com/in/carolwardbroker/
Elmira,Apostolov,Greater Los Angeles Area,elmiradreamhomes@gmail.com,,Realty ONE Group,Realtor,10/13/2018 20:56,https://linkedin.com/in/elmira-apostolov-b1633664/
Kara,Wallace-Realtor,Greater Los Angeles Area,success4kara@gmail.com,9517435590,RE/MAX Impact,Realtor- Sales Associate,11/28/2018 1:49,https://linkedin.com/in/kara-wallace-realtor-89757b18/
Adriana,Hesford,Greater Los Angeles Area,adrianahesford@yahoo.com,951-283-5985,Excellence Empire Real Estate,Realtor/Bi-Lingual,10/11/2018 17:42,https://linkedin.com/in/adriana-hesford-00389237/
Mark,"Jamison, CNE,CDPE",Greater Los Angeles Area,jamisonhomes@gmail.com,(951) 707-7234,"Realty Masters & Associates, inc.",Licensed Realtor,10/11/2018 20:48,https://linkedin.com/in/mark-jamison-cne-cdpe-119960a/
Lluvia,Vazquez-Denis,Greater Los Angeles Area,lluviarealty@gmail.com,(951) 472-9711,Coldwell Banker Town and Country,Realtor,10/13/2018 1:59,https://linkedin.com/in/lluvia-vazquez-denis-0237a9116/
Tamila,Zahrndt,"Orange County, California Area",tamila@trzhomes.com,714-469-1605,TNG Real Estate Consultants,Real Estate Professional,10/16/2018 20:01,https://linkedin.com/in/tamila-zahrndt-2598093a/
Phillip,Medrano,Greater Los Angeles Area,medranop@live.com,951-850-4713,"Realty Masters & Associates, inc.",Realtor & Certified Probate Agent,10/11/2018 16:42,https://linkedin.com/in/phillip-medrano-25318021/
Valerie,J. Vihlen Schluter,"Orange County, California Area",HomesByDogLady@gmail.com,714-612-6562,Realty Network Inc.,Realtor Associate Since 1979,10/18/2018 4:40,https://linkedin.com/in/valerie-j-vihlen-schluter-7bb8901b/
Bryant,Alvarado,Greater Los Angeles Area,thekbagroup@gmail.com,(310) 940-2132,CENTURY 21®,Listing Specialist,10/22/2018 2:54,https://linkedin.com/in/bryantalvarado/
Grace,Elliott,Greater Los Angeles Area,graceameera@verizon.net,,Ameera's Realty,Broker,10/12/2018 16:26,https://linkedin.com/in/grace-elliott-2983453a/
Ken,Shah,Greater Los Angeles Area,ken@tridentsocal.com,9098037676,Trident Real Estate,Principal Broker,10/17/2018 0:33,https://linkedin.com/in/kenshahtrident/
shida,Khanian,"Orange County, California Area",shidak100@gmail.com,,Prudential CA Realty,Real Estate Professional,10/22/2018 15:26,https://linkedin.com/in/shida-khanian-849579a6/
Melissa,Banuet,Greater Los Angeles Area,melissabanuet@yahoo.com,,Mainstreet Realtors,Escrow Assistant,10/13/2018 1:16,https://linkedin.com/in/melissa-banuet-12919959/
Harry,Hall,Greater Los Angeles Area,harry@harryhallsells4u.com,909-816-9602,Mainstreet Realtors,Realtor,10/12/2018 16:46,https://linkedin.com/in/harry-hall-9402b812/
Carla,L.,Greater Los Angeles Area,carlaledford78@gmail.com,5625521508,Tarbell Realtors,Realtor,10/18/2018 4:48,https://linkedin.com/in/carlaledford/
Lawrence,Cheng,Greater Los Angeles Area,lawrence85218@gmail.com,,Tarbell Realtors,"Realtor, BRE Lic#: 02005117",10/13/2018 6:10,https://linkedin.com/in/lawrence-cheng-633ba896/
Lew,Woodard,Greater Los Angeles Area,lewwoodard2@gmail.com,949-280-1122,Community Properties,Owner,10/12/2018 17:49,https://linkedin.com/in/lewwoodard/
Tracy,Richards,Greater Los Angeles Area,richardstracy06@gmail.com,9096060888,Homequest Real Estate,Real Estate Agent Recruiter,11/26/2018 16:51,https://linkedin.com/in/reagentrecruiter/
Linda,Mendez,Greater Los Angeles Area,lindamendez@me.com,626-393-1394,The Associate Realty Group,Realtor Sales Associate,11/28/2018 18:30,https://linkedin.com/in/linda-mendez-4bab8817/
Carolyne,Beaulne Seguin,Greater Los Angeles Area,carolyne.bseguin@gmail.com,305.834.2705,Mainstreet Realtors,Realtor,10/15/2018 21:42,https://linkedin.com/in/carolyne-beaulne-seguin-4a3117108/
Ulises,Vega,Greater Los Angeles Area,Vegateam.Realty@yahoo.com,,The OneDay Dynasty Group,CEO,10/14/2018 21:42,https://linkedin.com/in/ulisesvegarealtor/
Donald,Wilson,Greater Los Angeles Area,donfiveo5@gmail.com,626-824-2134,ELITE CALIFORNIA REALTORS CORP.,Realtor,10/13/2018 21:09,https://linkedin.com/in/donald-wilson-050946168/
christina,benjamin,Greater Los Angeles Area,cvbenjamn@gmail.com,9092556285,Barnett Realtors,Licensed Realtor,10/18/2018 21:32,https://linkedin.com/in/christina-benjamin-b11a9316/
Matt,McGilvray,"Orange County, California Area",mattmcgilvray@outlook.com,714-318-4237,Legacy Realty Partners Brea,Broker,10/21/2018 15:57,https://linkedin.com/in/matt-mcgilvray-a3658110/
Robert,Winters,Greater Los Angeles Area,winters_robert@hotmail.com,,"Hera Technologies, LLC",Director Of Manufacturing & Engineering,10/24/2018 0:43,https://linkedin.com/in/robert-winters-01b02615/
Kathleen,Pierce,Greater Los Angeles Area,KathleenPierce@mail.com,626-215-7757,"HomeSmart, Evergreen Realty",Licensed Realtor,10/13/2018 23:06,https://linkedin.com/in/kathleen-pierce-38349a18/
Lupe,Ruiz,Greater Los Angeles Area,luperuizrealty@yahoo.com,(909) 346-3610,HomeShield Real Estate,Broker/Owner,10/20/2018 5:02,https://linkedin.com/in/lupe-ruiz-422a2018/
Todd,Picconi- Your Number One Choice for SoCal Real Estate,Greater Los Angeles Area,todd.picconi@gmail.com,909-908-7376,Todd Picconi Real Estate,Broker/Owner,10/19/2018 13:23,https://linkedin.com/in/toddpicconi/
Corey,Kohnke,"Orange County, California Area",corey.kohnke@gmail.com,,BN Loans Inc,Broker/Owner,10/17/2018 0:24,https://linkedin.com/in/corey-kohnke-99524739/
Jill,Stingley,Greater Los Angeles Area,jillstingley@aol.com,,Realty ONE Group,Realtor,10/13/2018 23:29,https://linkedin.com/in/jill-stingley-284421a/
Richard,Ledezma,Greater Los Angeles Area,richardledezma@outlook.com,,Beechwood Realty,Realtor,12/4/2018 19:06,https://linkedin.com/in/richard-ledezma-8980a5b/
Mina,Chen,Greater Los Angeles Area,mina@mygfmservices.com,,Real Estate Broker,Real Estate Broker,10/21/2018 6:59,https://linkedin.com/in/mina-chen-1296132a/
Jack,Ma,Greater Los Angeles Area,jack@jackmarealtor.com,9096105188,CENTURY 21 Masters,Associate Broker,10/13/2018 18:05,https://linkedin.com/in/jack-ma-88129411/
John,Germing,Greater Los Angeles Area,johngerming@hotmail.com,9515321214,Meridian Capital Real Estate Services Inc.,Realtor,10/19/2018 2:39,https://linkedin.com/in/john-germing-76aa6b23/
Ken,Wood,Greater Los Angeles Area,kenwoodrealtor@gmail.com,951.323.7630,REALTOR®,Licensed Realtor®,11/19/2018 1:06,https://linkedin.com/in/kenwoodrealtor/
Jacki,O Orzechowski,"Orange County, California Area",jacki@jackio.com,714-402-9155,TNG Real Estate Consultants,Realtor,10/19/2018 0:23,https://linkedin.com/in/jackiorealtor/
Estell,Estates Realty,Greater Los Angeles Area,Frank@EstellRealEstate.com,,Estell Estates Realty ,Broker/Owner,10/15/2018 1:23,https://linkedin.com/in/frankestellrealestate/
Julie,Haynes,"Orange County, California Area",julietteahaynes@aol.com,(714)423-7491,LoanStream Mortgage,Senior Mortgage Advisor at LoanStream Mortgage,10/22/2018 20:31,https://linkedin.com/in/julie-haynes-ab0197a1/
Emma,Cortes,Greater Los Angeles Area,emmacf57@aol.com,,Pacfic Realty Center,REALTOR,10/18/2018 20:18,https://linkedin.com/in/emmacortes/
Cindy,Carava,Greater Los Angeles Area,cindyc.realtor@gmail.com,626-394-6400,Coldwell Banker Millennium,Realtor,11/20/2018 19:00,https://linkedin.com/in/cindy-carava/
Kip,Adkins,"Orange County, California Area",kipreo@earthlink.net,714-465-4611,Aegis Realty,"Broker Owner, President",10/15/2018 16:14,https://linkedin.com/in/kip-adkins-85976b3/
Tammy,Tetzlaff,"Orange County, California Area",tammytetzlaff@yahoo.com,,TNG Real Estate Consultants,Realtor,10/14/2018 17:17,https://linkedin.com/in/tammy-tetzlaff-5a959b34/
April,Bayraktar,"Orange County, California Area",april@bayraktarteam.com,,Coldwell Banker Residential Brokerage,Realtor,10/19/2018 2:07,https://linkedin.com/in/april-bayraktar-28556037/
Angela,Conlee,"Orange County, California Area",angelaconlee@firstteam.com,,First Team Real Estate,Realtor,10/15/2018 20:10,https://linkedin.com/in/angela-conlee-12b418105/
Jill,Askren,Greater Los Angeles Area,jwainla@gmail.com,626-203-8748,Coldwell Banker Residential Brokerage,Realtor-Associate,10/20/2018 17:50,https://linkedin.com/in/jill-askren-58819241/
PETER,ROSEN M.B.A.,Greater Los Angeles Area,info@RealtorPeterRosen.com,951-999-3366,RE/MAX,RE/MAX Top Producers - Realtor® | Author | Coach,10/18/2018 8:07,https://linkedin.com/in/realtorpeterrosen/
Linda,Rocha,Greater Los Angeles Area,LindaR@realtyonegroup.com,714-767-4471,Realty One Group of Corona,Manager,10/16/2018 0:07,https://linkedin.com/in/lindarocha/
Francisco,Robledo,Greater Los Angeles Area,fjrobledo1@gmail.com,909-938-2470,Robledo Properties,Business Development Manager,10/15/2018 16:44,https://linkedin.com/in/frankrobledo/
Timothy,Wallace,Greater Los Angeles Area,timttw@netzero.net,909.455.4319,Century 21 Exclusive Properties,Realtor,10/16/2018 1:34,https://linkedin.com/in/timothy-wallace-98723213/
Alfonso,Gomez,Greater Los Angeles Area,gomezinvestments@gmail.com,,ReMax Top Producers,"Manager, Trainer, Recruiter",10/16/2018 17:43,https://linkedin.com/in/alfonso-gomez-367148110/
Eddy,Longshore,Greater Los Angeles Area,elongshore@earthlink.net,(951) 515-4125,Realty One Group,Real Estate Agent,10/16/2018 22:26,https://linkedin.com/in/eddylongshore/
Paul,Lem,"Orange County, California Area",PaulxLem@gmail.com,,Landmark Real Estate Company,Realtor,10/15/2018 17:01,https://linkedin.com/in/paul-lem-41752898/
Natasha,Benesch,"Orange County, California Area",trigeeek@gmail.com,,Coldwell Banker Residential Brokerage,Real Estate Broker Associate,12/1/2018 5:28,https://linkedin.com/in/natashabenesch/
Lalo,Iniguez,Greater Los Angeles Area,iniguez85@hotmail.com,909-242-3297,Homequest Real Estate,Realtor,10/16/2018 18:53,https://linkedin.com/in/laloc21/
Laura,Aparicio-Labor,Greater Los Angeles Area,Realtor@LauraLabor.com,626-422-6668,RE/MAX TOP PRODUCERS,Real Estate Agent,11/29/2018 18:40,https://linkedin.com/in/laura-aparicio-labor-56b88565/
Aida,Love,Greater Los Angeles Area,aidaclove@gmail.com,626-278-0246,Self-employed,Realtor,10/17/2018 1:21,https://linkedin.com/in/aidalove/
Morry,Eghbal SuccessorsData.com,Greater Los Angeles Area,Morry@successorData.com,909-315-5330,SuccessorsData.com,CEO and Founder of SuccessorsData.com,10/16/2018 17:11,https://linkedin.com/in/morry-eghbal-successorsdata-com-22121844/
Ben,Cusimano,Greater Los Angeles Area,bcusimano@gmail.com,,"Realty Masters & Associates, inc.",Associate Broker,10/16/2018 16:35,https://linkedin.com/in/ben-cusimano-84794913/
the,Realtor Family,Greater Los Angeles Area,MLissa@theRealtorFamily.com,909.230.3125,Realty ONE Group,Real Estate Agents,10/17/2018 23:03,https://linkedin.com/in/therealtorfamily/
Mujahid,"Hawk"" Huq""",Greater Los Angeles Area,hawk@vertexalliance.net,9519995445,Vertex Alliance Group (Real Estate Brokerage),Broker,10/16/2018 17:33,https://linkedin.com/in/mhuq92/
Hilda,Patino,Greater Los Angeles Area,patinoteam@century21.com,Toll Free: 888-264-2121,Century 21 King,Realtor and Manager of Patino Team,10/19/2018 14:37,https://linkedin.com/in/hildapatino/
Mahesh,Mike Patel,"Orange County, California Area",maheshpatel23@gmail.com,714-470-8600,First Team Real Estate,"Broker Associate,  Realtor",11/21/2018 5:10,https://linkedin.com/in/maheshmikepatel/
Jan,Hudson,Greater Los Angeles Area,janh@hudsonrealtyca.com,909-389-8128,Hudson Realty & Property Management,Broker/Owner,11/28/2018 22:48,https://linkedin.com/in/jan-hudson/
Juan,I Rodriguez,Greater Los Angeles Area,juanrodriguez67@gmail.com,909-210-1761,Realty ONE Group,Realtor,10/17/2018 16:40,https://linkedin.com/in/juan-i-rodriguez-ba293342/
John,Occhino,Greater Los Angeles Area,john108174@gmail.com,9099194600,"Keller Williams Realty, Inc.",Licensed Realtor,11/28/2018 16:29,https://linkedin.com/in/john-occhino-a6637b29/
Erika,Ellis,Greater Los Angeles Area,elfka8@att.net,,Sands & Associates,Realtor,10/20/2018 21:32,https://linkedin.com/in/erika-ellis-94b209104/
Sharon,Tai,"Orange County, California Area",taisharonrealty@gmail.com,,SVN/Vanguard,Commercial Real Estate Advisor,10/20/2018 21:36,https://linkedin.com/in/sharon-tai/
Danell,Allen,Greater Los Angeles Area,danell.allen@yahoo.com,9097339341,"PHP Agency, Inc.",Executive Director,10/17/2018 17:10,https://linkedin.com/in/danell-allen-b5aa59a6/
Teresa,Carter,Greater Los Angeles Area,teresa-carter@live.com,760-985-8463,"Keller Williams Realty, Inc.",Team Leader,10/19/2018 1:25,https://linkedin.com/in/cartert/
Patricia,Parks,Greater Los Angeles Area,listwithpatricia@gmail.com,,FIRST TEAM REAL ESTATE,Broker Associate,10/18/2018 2:07,https://linkedin.com/in/patricia-parks-a613b817/
Brian,Bartholomew,"Orange County, California Area",brian@thebartholomewteam.com,7142250039,Re/Max Cornerstone,Real Estate Agent,10/18/2018 11:10,https://linkedin.com/in/thebartholomewteam/
Beverly,Cota,"Orange County, California Area",bevcota@sbcglobal.net,,First Team Real Estate,Realtor,10/18/2018 19:07,https://linkedin.com/in/beverly-cota-79860120/
Margarita,Guerrero,Greater Los Angeles Area,mguerrero17@kw.com,760-912-0904,Keller Williams Realty,Realtor-Short Sale Specialist,12/3/2018 19:59,https://linkedin.com/in/margarita-guerrero-5bb68126/
Madeleine,Semaan Realtor,"Orange County, California Area",mado1@pacbell.net,714-322-5428,First Team Estates,Realtor,11/27/2018 21:34,https://linkedin.com/in/madeleinerealtor/
Michael,Gracia,Greater Los Angeles Area,michaelcgracia@gmail.com,(909) 630-8750,Homequest Real Estate,"Realtor GRI,CDPE,PMC,SFR",10/18/2018 17:42,https://linkedin.com/in/michael-gracia-61198b62/
Jay,Bourgana,"Orange County, California Area",jaybourgana@gmail.com,714-388-6630,Homearly Real Estate Group,CEO,11/16/2018 1:19,https://linkedin.com/in/jay-bourgana-519a7865/
Jennifer,Bates,Greater Los Angeles Area,jenhasmyhome@gmail.com,,Realty One Group Trilogy,Broker Associate,11/29/2018 23:18,https://linkedin.com/in/jenniferbatesrealtor/
Jacqueline,Carrington,Greater Los Angeles Area,beplaces@hotmail.com,,Lewis Management Co,Community Director,10/19/2018 3:25,https://linkedin.com/in/jacqueline-carrington-70037014/
Melinda,Muresan,"Orange County, California Area",melindamuresan@sbcglobal.net,714-321-6335,Next New Growth,Administrative Assistant,10/20/2018 4:00,https://linkedin.com/in/melinda-muresan/
Tinamarie,Moreno,Greater Los Angeles Area,tmoreno626@yahoo.com,626-222-1338,Tinamarie Moreno & Associates (RMA),Realtor,10/18/2018 17:10,https://linkedin.com/in/tinamarie-moreno-72841860/
Aaron,J. Gomez,"Orange County, California Area",ajgrealestate@gmail.com,657-268-2838,Navy Federal Credit Union,Mortgage Loan Officer IV,10/19/2018 15:49,https://linkedin.com/in/aaron-j-gomez-15aa5872/
Cristina,Caministeanu,Greater Los Angeles Area,cristinacamini@gmail.com,9092138565,"Keller Williams Realty, Inc.",Realtor,10/18/2018 18:10,https://linkedin.com/in/cristina-caministeanu-97333bb/
Thaddeus,P. Gallizzi,Greater Los Angeles Area,tgsellsre@gmail.com,626.260.7490,Coldwell Banker Town & Country,REALTOR - Real Estate Consultant,10/22/2018 15:46,https://linkedin.com/in/thaddeusgallizzi/
Victor,Hugo D.,Greater Los Angeles Area,reo4sale@yahoo.com,,Keller Williams Realty Inc,"Real.Estate Broker-Trusted Advisor , Mentor, R.E. School Teacher, Mortgage Loan Advisor",10/18/2018 17:25,https://linkedin.com/in/victor-hugo-d-27626645/
Nancy,Kim Diehl,"Orange County, California Area",nancykimkim@yahoo.com,2134222566,"Keller Williams Realty, Inc.",Professional Realtor & Appraiser,10/23/2018 14:19,https://linkedin.com/in/nancy-kim-diehl-55517811/
Carrie,McFarland,Greater Los Angeles Area,etc.carrie@gmail.com,,eTC Services,Transaction/Escrow Coordinator,10/20/2018 4:03,https://linkedin.com/in/carrie-mcfarland-12916a54/
Casey,Bogle,Greater Los Angeles Area,cbogle909@aol.com,(909) 762-0405,Keller Williams ,Realtor,10/21/2018 3:25,https://linkedin.com/in/caseybogle/
Bernard,Cervantes,Greater Los Angeles Area,bernie@berniesellsrealestate.com,,Intero Real Estate Services of Southern California,Real Estate Agent,11/15/2018 23:01,https://linkedin.com/in/berniecervantes/
Ricardo,J Ochoa - 909.327.1135,Greater Los Angeles Area,theietitlerep@gmail.com,,"NexTitle, a Title & Escrow Co.",Assistant Vice President,11/28/2018 5:49,https://linkedin.com/in/ricardojochoa/
Lorri,Malloy,"Orange County, California Area",lorrimalloy@gmail.com,714-287-0960,Keller Williams Realty,"Realtor, Fine Homes Specialist",12/5/2018 20:13,https://linkedin.com/in/lorrivalentinemalloy/
Felisa,Chavez,Greater Los Angeles Area,Felisa.M.Chavez@gmail.com,951-300-6538,Cintas,Uniform Sales Representative,10/19/2018 16:53,https://linkedin.com/in/felisa-chavez-94097b38/
Ateka,Balkhi,"Orange County, California Area",AtekaB@sevengables.com,(714) 356-7273,Seven Gables Real Estate,"Realtor, MRP",10/19/2018 17:30,https://linkedin.com/in/atekabalkhi/
Alexander,Infante,Greater Los Angeles Area,alexsocalrealtor@gmail.com,(909) 895-9544,First Team Real Estate,Associate Realtor,10/19/2018 16:59,https://linkedin.com/in/alexanderinfante/
Joyanne,Postajian,Greater Los Angeles Area,jpostajian@gmail.com,9494912352,Matthews Real Estate Investment Services,"Senior Associate, Sales Operations",10/19/2018 16:43,https://linkedin.com/in/joyanne-postajian/
Mauricio,Capetillo,Greater Los Angeles Area,Mauricio.Capetillo@lewismc.com,,The Lewis Group of Companies,Business Development Manager,10/19/2018 21:53,https://linkedin.com/in/mauricio-capetillo-237b7315/
Mary,Anglin,Greater Los Angeles Area,maryanglin.realtor@gmail.com,,United Real Estate Los Angeles,Real Estate Agent - DRE: 01951431,10/19/2018 20:01,https://linkedin.com/in/maryanglin/
Phillip,Leyva,Greater Los Angeles Area,phillipleyva3@gmail.com,9517411537,"Keller Williams Realty, Inc.",Realtor,10/19/2018 16:46,https://linkedin.com/in/phillip-leyva-0aa7a08a/
Raymond,Addington,Greater Los Angeles Area,rla325@gmail.com,505-331-6584,"Keller Williams Realty, Inc.",Professional Realtor,10/24/2018 14:57,https://linkedin.com/in/rladdington/
Rocio,Regalado,Greater Los Angeles Area,rocio@housesbyrocio.com,760.810.3554,Century 21 Desert Rock,Licensed Realtor,10/24/2018 2:41,https://linkedin.com/in/rocio-regalado-338319154/
Carla,Deedrick,Greater Los Angeles Area,deedrickcorona@aol.com,,Prudential California Realty,Realtor,12/5/2018 17:53,https://linkedin.com/in/carla-deedrick-63695216/
Devin,Zander,"Saint Petersburg, Florida",zanderseo@gmail.com,,SMAR7 Apps,Co-Founder,10/16/2018 19:14,https://linkedin.com/in/devin-zander-797b8511b/
George,Berridge,"Tampa/St. Petersburg, Florida Area",gberridge63@gmail.com,1 941 807 2969,Spectrum Reach,Automotive Consultant,10/20/2018 2:36,https://linkedin.com/in/georgeberridge/
Phil,Rosenberg,United States,prosenberg@universallenders.net,561-801-6139,Universal Lenders,Chief Operating Officer,10/20/2018 12:10,https://linkedin.com/in/philabucks1/
Nicholas,Pigna,"Somerville, New Jersey",ndp6961@gmail.com,,Autobytel,Senior Sales Account Executive,10/19/2018 19:15,https://linkedin.com/in/nicholas-p-8292441/
Maxim,Lepikhov,"Saint Petersburg, Russian Federation",lemmaks@gmail.com,,ad4top,User Acquisition Team Lead,10/19/2018 16:43,https://linkedin.com/in/lepikhov/
AMZ Auto,Zaslavskiy,Miami/Fort Lauderdale Area,amz.bid4@gmail.com,,Auto Marketing,auto ,10/19/2018 16:43,https://linkedin.com/in/amz-auto-zaslavskiy-03724b170/
Lisa,Duran,"Newport Beach, California",duran.lisa@yahoo.com,1-213-568-5062,AGM CREDIT SOLUTIONS LLC,Credit Repair Specialist ,10/20/2018 20:15,https://linkedin.com/in/lisa-duran-322367164/
Sean,Wolfington,"Key Biscayne, Florida",sean@wolfingtons.com,,Data Driven Holdings,Investor | Board Member,10/23/2018 20:16,https://linkedin.com/in/seanwolfington/
Rob,Salter,Greater Los Angeles Area,robs@crownre.net,951-479-8190,Crown Real Estate,Real Estate Broker/CEO,12/19/2018 15:51,https://linkedin.com/in/rob-salter-54972839/
Arlene,Abagon,Greater Los Angeles Area,connectworks@att.net,800-868-8545,"Juanir-Abagon Real Estate Enterprises, LLC",Real Estate Broker,12/20/2018 8:11,https://linkedin.com/in/arlene-abagon-a4751033/
Dustin,Bynum,Greater Los Angeles Area,teambynumgroup@gmail.com,949-887-8368,Dustin Bynum Real Estate Team,Real Estate Broker,12/20/2018 5:27,https://linkedin.com/in/dustinbynum/
Ana,Ybarra- Locklin,Greater Los Angeles Area,analocklin@sbcglobal.net,,Real Estate Sales and Mortgage Loans ,Real Estate Broker,12/26/2018 2:56,https://linkedin.com/in/ana-ybarra-locklin-8017a523/
JJ,and Lovina Cabrera,Greater Los Angeles Area,,714-883-2561,Crown Real Estate,Associate Broker,12/19/2018 22:54,https://linkedin.com/in/jj-and-lovina-cabrera-89522116/
Steve,Bussman,Greater Los Angeles Area,stevebussman@yahoo.com,,Keller Williams Realty,Real Estate Broker,1/3/2019 18:35,https://linkedin.com/in/steve-bussman247/
Deborah,Jacobs,Greater Los Angeles Area,myeastvalleyrealtor@gmail.com,909-503-5960,"Matrix Estate Group, Inc.",Real Estate Broker,12/30/2018 18:33,https://linkedin.com/in/deborah-jacobs-1627b767/
Dan,Ferrera,Greater Los Angeles Area,edanferrera@gmail.com,7145613694,Community Financial Outreach Organization a Non-Profit  for Housing Education & Counseling ,Senior Managing Director,12/20/2018 18:19,https://linkedin.com/in/dan-ferrera-b2a4348/
Jay,Patel,Greater Los Angeles Area,JySamay@aol.com,,Jay Patel,Real Estate Broker,12/19/2018 16:28,https://linkedin.com/in/jay-patel-168985a3/
Paula,Barrett Marcie Thomas,"Orange County, California Area",paula@paulabarrett.com,7147196223,TNG Real Estate Consultants,Broker Associate,1/2/2019 17:56,https://linkedin.com/in/paulaandmarcie/
Hailei,Schatz,Greater Los Angeles Area,haileivera@gmail.com,,Reinassance Real Estate LLC.,Real Estate Broker,12/23/2018 5:48,https://linkedin.com/in/haileischatz/
Gregory,Stover,Greater Los Angeles Area,gstover109@adelphia.net,,A+ Real Estate Services,Real Estate Broker,12/27/2018 17:33,https://linkedin.com/in/gregory-stover-21158954/
Austin,Fisher,Greater Los Angeles Area,apfisher1@gmail.com,,Real Estate Masters Group,Real Estate Agent,12/20/2018 19:09,https://linkedin.com/in/austin-fisher-46b379130/
Frank,Ioimo,Greater Los Angeles Area,fbi@goldstarregroup.com,,"GOLD STAR REALTY GROUP, INC.",Real Estate Broker,12/27/2018 5:46,https://linkedin.com/in/frank-ioimo-a78006147/
Damaris,Johnson,Greater Los Angeles Area,marciej_1@yahoo.com,,DRA Financial,Real Estate Broker,12/21/2018 0:09,https://linkedin.com/in/damaris-johnson-71041616/
vinod,dudheker,"Orange County, California Area",vdudheker@gmail.com,,VINPRO REALTY,Broker,12/20/2018 1:36,https://linkedin.com/in/vinod-dudheker-51a12737/
Mark,Averbeck,Greater Los Angeles Area,markaverbeck@gmail.com,,California Realty Solutions,Real Estate Broker,12/19/2018 15:58,https://linkedin.com/in/mark-averbeck-31001117/
Angel,Gamez,Greater Los Angeles Area,gameza18@gmail.com,,NAI Capital,Commercial Real Estate Broker,1/2/2019 20:22,https://linkedin.com/in/angel-gamez-52286b162/
Bill,Colt,Greater Los Angeles Area,billcolt@earthlink.net,909-770-2722,"Venus Louviere, Broker",Real Estate Realtor,12/19/2018 16:02,https://linkedin.com/in/bill-colt-39661844/
Rita,L. Jarvis,Greater Los Angeles Area,ritaljarvis@gmail.com,9498292023,Homequest Real Estate,Realtor,12/21/2018 23:21,https://linkedin.com/in/ritaljarvis/
Maryam,Memon,"Orange County, California Area",mmaryam0105@gmail.com,,NAI Capital,Commercial Real Estate Broker,12/20/2018 15:36,https://linkedin.com/in/maryam-memon-496a0290/
Joe,Barbara,Greater Los Angeles Area,joembarbara@gmail.com,714-585-2020,Real Estate Network,CEO,12/20/2018 16:02,https://linkedin.com/in/joe-barbara-09477766/
Roberto,Yanes,Greater Los Angeles Area,ryanes1979@gmail.com,,First Broker Realty,Real Estate Agent,12/20/2018 22:40,https://linkedin.com/in/roberto-yanes-4a950042/
Bobbi,Albano,Greater Los Angeles Area,bobbi.albano@yahoo.com,,"California Curb Appeal Real Property Specialists, Inc.",Broker/CEO,12/20/2018 16:52,https://linkedin.com/in/bobbi-albano-mba-9522732b/
ROLANDO,PINGUL SR.,Greater Los Angeles Area,rolandopingulsr@yahoo.com,1-909-5255-5432,Real Estate eBroker Inc.,Realtor,1/3/2019 16:59,https://linkedin.com/in/rolando-pingul-sr-28995a13/
Russell,Shepphard,Greater Los Angeles Area,rshepphard@yahoo.com,909-632-5890,Ken Scott Real Estate,Realtor,12/22/2018 5:28,https://linkedin.com/in/russellshepphardrealtor/
D,D.J. Twohig,Greater Los Angeles Area,admin@bigwestcorp.com,,Big West Corporation,Real Estate Broker-Officer,12/21/2018 17:28,https://linkedin.com/in/d-j-twohig-19011b35/
Joe,Quinteros,Greater Los Angeles Area,joe@appraisalhouse.com,9514791569,Regency Realty,Real Estate Associate Broker,12/21/2018 15:54,https://linkedin.com/in/joe-quinteros-38674118/
Gary,Smith,Greater Los Angeles Area,gsmith1967@aol.com,909-851-1766,Enterprise Truck Rental,Senior Account Specialist,12/22/2018 6:14,https://linkedin.com/in/gary-smith-a7980b41/
Karean,Wrightson,"Orange County, California Area",kareansw@gmail.com,714.269.2831,First Team Real Estate,REALTOR®,12/27/2018 16:03,https://linkedin.com/in/kareanwrightson/
Yosman,Sanchez,Greater Los Angeles Area,yosmansanchez@gmail.com,9497420237,Prime Nest Realty,Founder/Broker ,12/22/2018 16:04,https://linkedin.com/in/yosmansanchez/
Susanne,Hove,Greater Los Angeles Area,Susanne@caringRealtor.com,951-255-7344,Keller Williams Realty Corona Market Center,Broker/Associate,12/22/2018 22:07,https://linkedin.com/in/susanne-hove-95369115/
Jacquie,Greene,Greater Los Angeles Area,jacquiegreene@firstteam.com,,First Team Real Estate,Realtor,12/26/2018 3:59,https://linkedin.com/in/jacquie-greene-5a6ab8154/
Kevin,F. Gillespie,Greater Los Angeles Area,kgillespie@gillespielaw.com,9097922039,"Law Office of Kevin F. Gillespie, APC",CEO/Partner,12/22/2018 16:14,https://linkedin.com/in/kevinfgillespie/
Jose,Quezada,"Orange County, California Area",jquezada262@gmail.com,7142765220,Wyndham Vacation Ownership,Sr. Vacation Consultant,12/28/2018 13:29,https://linkedin.com/in/jose-quezada-2517b757/
Tom,Fernandez,Greater Los Angeles Area,trfernandez1@gmail.com,951.667.5231,Verity Consulting,Founder,12/22/2018 16:34,https://linkedin.com/in/thomasfernandez/
Bernie,Valenzuela,Greater Los Angeles Area,Berniev@remax.net,,B & R Profesional services,Broker/Owner,12/30/2018 10:52,https://linkedin.com/in/bernie-valenzuela-57b12238/
Kevin,Gibbs,Greater Los Angeles Area,kgibbs@socalrealty.com,714-696-1881,"So Cal Realty & Property Management, Inc.",Principal Broker,12/23/2018 20:11,https://linkedin.com/in/socalrealty/
Cynthia,D Holmes,Greater Los Angeles Area,cynnthiaax@gmail.com,,American Tower,Project Manager Site Development,12/27/2018 21:29,https://linkedin.com/in/cynthia-d-holmes-8367b1a/
Gustavo,Puente,Greater Los Angeles Area,gustavopuente01@yahoo.com,,Pacific Home Broker ,Realtor,12/23/2018 17:42,https://linkedin.com/in/gustavo-puente-4983174a/
Ruth,Moisa,"Orange County, California Area",ruthmoisa@yahoo.com,714-713-4442,Pacific Seal Mortgage,Mortgage Loan Officer,12/24/2018 1:02,https://linkedin.com/in/ruthmoisa/
Henry,Wilson,Greater Los Angeles Area,beverlyhillshomesandestates@gmail.com,,Beverly Hills Homes and Estates,Broker Owner,12/23/2018 18:08,https://linkedin.com/in/henry-wilson-59379063/
Jay,Kardar,Greater Los Angeles Area,jaykardar@aol.com,,Goldcoast Funding Group,Owner / Broker,12/23/2018 18:58,https://linkedin.com/in/jay-kardar-78673b23/
Yvette,Plautz,Greater Los Angeles Area,YvetteTheRealtor@gmail.com,,Keller Williams Realty,Broker Assoc. / Realtor,12/24/2018 16:48,https://linkedin.com/in/yvette-plautz-63570352/
Benjamin,Quan,Greater Los Angeles Area,benco1002@yahoo.com,,Mission Realty,Broker,12/26/2018 18:59,https://linkedin.com/in/benjamin-quan-8a954432/
John,Brumund,Greater Los Angeles Area,jbrumund@gmail.com,951-219-8362,"Sun West Mortgage Company, Inc.",Senior Managing Director,12/24/2018 22:21,https://linkedin.com/in/john-brumund-66582818/
Veronica,B.,"Orange County, California Area",realestate.veronicab@gmail.com,714-616-7255,Realty ONE Group,Realtor,1/3/2019 15:08,https://linkedin.com/in/veronica-b-49022115/
Mike,LaVallee,"Orange County, California Area",mryorba@aol.com,7142644645,Keller Willams Realty,Broker Associate,12/24/2018 18:04,https://linkedin.com/in/mryorbalinda/
Ted,Mendoza,Greater Los Angeles Area,tedmendozer@gmail.com,,"Keller Williams Realty, Inc.",Broker Associate,1/3/2019 15:19,https://linkedin.com/in/ted-mendoza-135b4378/
Laura,Ferro,Greater Los Angeles Area,laura.felix@century21.com,951-990-3661,Transamerica,Registered Representative at Transamerica,12/28/2018 19:04,https://linkedin.com/in/laura-ferro-840b2410/
Megan,Freeman,Greater Los Angeles Area,megan.retc4u@gmail.com,,The Home Agency,Transaction Manager,12/31/2018 17:17,https://linkedin.com/in/megan-freeman-169b27103/
Tony,Fletcher,"Orange County, California Area",tony@directreo.com,714-809-0003,Direct REO,Managing Partner,12/31/2018 18:13,https://linkedin.com/in/tfkwahyl/
Kristina,Frazier,"Orange County, California Area",Gibsongirl1900@gmail.com,,JCH Senior Housing Group,Executive Assistant,1/2/2019 22:04,https://linkedin.com/in/kristina-frazier-91029173/
Gabriel,Garcia,Greater Los Angeles Area,Gabriel@MonopolyBrokers.com,,Monopoly Brokers Inc,Owner,12/24/2018 16:53,https://linkedin.com/in/gabriel-garcia-7bb62316/
Stephanie,Lopez,Greater Los Angeles Area,lopez.stephanie25@yahoo.com,,L.U. Electric Inc.,Project Administrative Assistant,1/3/2019 8:09,https://linkedin.com/in/stephanie-lopez-9a2aaa152/
Nick,(Marwan) Kassouf,Greater Los Angeles Area,kassouff@yahoo.com,951-316-5191,Olympic Games,Competitor in,12/24/2018 17:53,https://linkedin.com/in/kassouff/
Paul,"J. Molinaro, M.D., J.D.",Greater Los Angeles Area,pmolinaro@fransenandmolinaro.com,(951)5209684,"Fransen & Molinaro, LLP",Attorney/Physician/Broker,12/25/2018 22:10,https://linkedin.com/in/paul-j-molinaro-m-d-j-d-48656123/
Vince,Baldwin,Greater Los Angeles Area,vince@vincesells.com,951-870-1445,Keller Williams Corona,Managing Broker,1/3/2019 3:22,https://linkedin.com/in/vince-baldwin-74722b11/
Joe,"Kouri, FSCP","Orange County, California Area",JKouri@allstate.com,714.273.5299,Allstate Insurance,Field Sales Leader,12/26/2018 4:42,https://linkedin.com/in/joe-kouri-fscp-8a20161a/
Xavier,Medellin,Greater Los Angeles Area,xaviermedellin@gmail.com,518-530-0530,Medellin Realty LLC / Equity Builders Home Financing,Marketing Director at Medellin Realty LLC / Marketing Director at Equity Builders Home Financing,12/28/2018 17:46,https://linkedin.com/in/xavier-medellin-0b2a875b/
Edward,Ridley,Greater Los Angeles Area,wrcagentedwardridley@gmail.com,,WRC Realty,Licensed Realtor,12/25/2018 16:50,https://linkedin.com/in/edward-ridley-34814b142/
Michael,Hughes,Greater Los Angeles Area,michael.hughes.california@gmail.com,,The AES Corporation,Energy,12/30/2018 5:26,https://linkedin.com/in/hughesmichaelca/
Jeff,Petsche,"Orange County, California Area",jeff.thepetschegroup@gmail.com,949-554-9110,"Keller Williams Realty, Inc.",Broker Associate/Productivity Coach,1/1/2019 4:01,https://linkedin.com/in/jeff-petsche-valuebroker/
Shreeraj,(Raj) Parikh,Greater Los Angeles Area,parikhraj@gmail.com,,NAI Capital,"Business Broker, M&A Intermediary, Franchises",12/25/2018 17:16,https://linkedin.com/in/shreeraj-raj-parikh-2b9a4138/
Justin,Davis,Greater Los Angeles Area,justin@jaycoloans.com,,Jayco Loans,Senior Loan Officer,12/25/2018 17:30,https://linkedin.com/in/jaycoloans/
Tatiana,Myers,Greater Los Angeles Area,tatimyers@gmail.com,,SELF PERFORMANCE MECHANICAL INC,Manager of Business Development,12/26/2018 18:18,https://linkedin.com/in/tatiana-myers-bb5ab952/
Ann,Yueh,Greater Los Angeles Area,annyueh@gmail.com,6263744319,Toll Brothers,"Sr. Sales Manager - 2017, 2016 & 2015 President's Club Member",1/1/2019 0:45,https://linkedin.com/in/annyueh/
Ryan,Allen,Greater Los Angeles Area,rallen1002@gmail.com,,CENTURY 21®,Licensed Realtor,12/27/2018 21:42,https://linkedin.com/in/ryan-allen-24801b4/
Noah,Burford,"Orange County, California Area",noah@oxfordtaxpartners.com,949-278-9244,"Oxford Tax Partners, LLC",Chief Business Officer,12/28/2018 3:02,https://linkedin.com/in/noahburford/
John,Simmons,Greater Los Angeles Area,john@johnssimmons.com,909.583.5278,Institute for Divorce Financial Analysis,"Executive Vice President, Sales",12/26/2018 17:06,https://linkedin.com/in/johnsimmons43/
Robert,Marks,Greater Los Angeles Area,robert.s.marks22@gmail.com,9513396907,Pardee Homes,Sales Manager,12/26/2018 17:00,https://linkedin.com/in/robertsmarks/
Gary,Summers,Greater Los Angeles Area,garysummers123@yahoo.com,,Kondaur Capital Corporation,Operations Manager - Residential Lending,12/26/2018 17:10,https://linkedin.com/in/gary-summers-ba696640/
Marvin,Hudson,Greater Los Angeles Area,marvinh@viewpointfinancial.com,,Viewpoint Financial,Owner,12/28/2018 13:07,https://linkedin.com/in/marvin-hudson-29889634/
Kevin,Dwyer,"Orange County, California Area",kevindwyer77@gmail.com,,Opus Bank,Senior Vice President and Deputy General Counsel,12/29/2018 3:51,https://linkedin.com/in/kevin-dwyer-28a05515/
Eldin,Serrano,"Orange County, California Area",arkserr@gmail.com,,Kinecta Federal Credit Union,Mortgage Loan Consultant,12/28/2018 18:17,https://linkedin.com/in/eldin-serrano-969b2297/
Claudia,Amador,Greater Los Angeles Area,clauamador73@gmail.com,,Home Point Financial,Loan Coordinator,12/26/2018 17:06,https://linkedin.com/in/claudia-amador-5ba70999/
Chelsea,Knight,Greater Los Angeles Area,cmaknight44@gmail.com,888.473.8323,Best Price Lending,President,12/28/2018 1:17,https://linkedin.com/in/chelseaprice4/
Ralph,Larson,"Orange County, California Area",ralph.larson.2591@att.net,818-458-3444,Action Lending and Remax Masters,Mortgage Loan Officer & Realtor,12/26/2018 17:41,https://linkedin.com/in/ralphlarson/
Heather,Nelson,Greater Los Angeles Area,joynotary@sbcglobal.net,951-751-1793,JoyNotary,Owner/Certified Signing Agent-Notary,12/26/2018 22:37,https://linkedin.com/in/heather-nelson-6b194118/
Steven,"Pollard, MBA, CMA",Greater Los Angeles Area,stevenlpollard@gmail.com,,"Cottonwood Management, LLC","Senior Vice President, Finance",12/31/2018 2:25,https://linkedin.com/in/stevenlpollard/
Parker,Duarte,Greater Los Angeles Area,duarteparker@gmail.com,714.457.5593,Pardee Homes,Senior New Home Advisor,12/27/2018 3:02,https://linkedin.com/in/parker-duarte-665843105/
Michele,"Nissen, MPA",Greater Los Angeles Area,mgnissen2@sbcglobal.net,951-795-1426,City of Corona,Assistant City Manager,12/28/2018 21:55,https://linkedin.com/in/michele-nissen-mpa-b7a35261/
Bobby,Cherry,Greater Los Angeles Area,drc.industries.inc@gmail.com,951-307-6347,"D'Arcy Wealth Management, Inc",Chief Investment Officer,12/26/2018 17:13,https://linkedin.com/in/bobbycherry/
Gillian,M. De Barge,Greater Los Angeles Area,gilliandebarge@yahoo.com,,PERL Mortgage Inc.,Loan Processor,12/26/2018 18:21,https://linkedin.com/in/gillian-m-de-barge-793646118/
Isabel,Alegria,Greater Los Angeles Area,isabelalegria@sbcglobal.net,,"Sun West Mortgage Company, Inc.",Account Executive,12/27/2018 2:31,https://linkedin.com/in/isabel-alegria-5a8692a5/
Kelly,Bonte,Greater Los Angeles Area,kelly.t.bonte@gmail.com,,Self Employed,Freelance Web Developer,12/27/2018 18:59,https://linkedin.com/in/kelly-bonte-4423466a/
Rev,Rev. D Nathan Cieszynski,Greater Los Angeles Area,dncngb@gmail.com,,Inland Fair Housing and Mediation Board,Certified Housing Counselor - Certified  HECM Counselor - Private Non-Profit Fair Housing Agency,12/29/2018 18:10,https://linkedin.com/in/dnathancieszynski/
Sally,Heath,"Orange County, California Area",heathsallyj@gmail.com,714 336-9015,Freedom Mortgage Third-Party Originators (TPOs),Account Executive,1/2/2019 2:36,https://linkedin.com/in/sally-heath-82a02734/
Leslie,"Tristan, CRP",Greater Los Angeles Area,lesliectristan@gmail.com,,Relocation Coordinates International,Senior Manager,12/27/2018 19:04,https://linkedin.com/in/leslie-tristan-crp-a3060b80/
Gabriel,Ibarra,Greater Los Angeles Area,gabrielibarra88@gmail.com,,Electrohaze,Buisness,12/28/2018 2:34,https://linkedin.com/in/gabriel-ibarra-751223139/
Bree,M.,Greater Los Angeles Area,breelmarshall@gmail.com,,CMR,Risk Control and Claims Specialist (Remote),12/27/2018 17:20,https://linkedin.com/in/bree-m-b63078155/
Marlene,Greene,Greater Los Angeles Area,marlenegreene4re@gmail.com,,Reliance Realty,Broker Associate,12/28/2018 16:45,https://linkedin.com/in/marlene-greene-67563125/
Tim,Adams,Greater Los Angeles Area,timadamsbroker@gmail.com,909-327-6145,Century 21 Lois Lauer Realty,Broker / Realtor,1/1/2019 1:51,https://linkedin.com/in/mysmartlease/
Conrad,"Noah, MBA",Greater Los Angeles Area,pomegranaterealty@gmail.com,951-255-8718,"Conrad Noah, MBA",Product Development Consultant,1/1/2019 17:40,https://linkedin.com/in/conradnoah/
L,"L. Joseph Hudack, Esq., CCIM, MCR",Greater Los Angeles Area,joseph@hudacklaw.com,(714) 351-3236,Hudack Law,Attorney,12/28/2018 19:42,https://linkedin.com/in/ljhudack/
Kari,Laitinen,"Orange County, California Area",karilaitinen@att.net,,"Plutos Sama, LLC","Executive Director: Plutos Sama LLC    Managing Partner: Plutos Capital Group, LLC",12/27/2018 17:57,https://linkedin.com/in/kari-laitinen-443159/
Jim,Sinclair,"Orange County, California Area",findthe20@gmail.com,714-401-5321,ChannelSpyder.com,Creator & Principal Software Architect,12/30/2018 17:48,https://linkedin.com/in/jimsinclair/
Suze,Knobler,Greater Los Angeles Area,susiepeto@yahoo.com,,Self Employed,Freelance News Reporter/Content Writer,12/28/2018 18:00,https://linkedin.com/in/suze-knobler-76114b27/
Donald,Davis,Greater Los Angeles Area,ddavis_loans@outlook.com,(949) 554-7142,Epic Pointe,Business Manager,12/31/2018 0:00,https://linkedin.com/in/donald-davis-7aa90114/
Bob,Tanaka,Greater Los Angeles Area,roberttanaka@sbcglobal.net,,"Mountain West Financial, Inc.",Sr. Loan Consultant,12/28/2018 20:52,https://linkedin.com/in/bob-tanaka-134a6831/
Hunter,Hodges,Greater Los Angeles Area,Hunterhodges@yahoo.com,9095578210,Daymon,Associate Business Manager,12/29/2018 15:43,https://linkedin.com/in/hunter-hodges-16b91145/
Wanda B.,Henry,"Los Angeles, California",henry.wanda@yahoo.com,3238391907,Wanda B Henry Broker of Record Brookside Real Estate,Real Estate Broker,12/3/2018 18:50,https://linkedin.com/in/wanda-b-henry-226b1731/
Christopher,Harold,Dallas/Fort Worth Area,chris@workwithchrisharold.com,2147021545,WorkWithChrisHarold.com,Online Marketing Strategist & Ads Expert,12/7/2018 5:16,https://linkedin.com/in/christopherseanharold/
Tony,Gonzalez,"Norco, California",norcolife@sbcglobal.net,,Keller Williams Norco,REALTOR,11/26/2018 18:12,https://linkedin.com/in/cowboygonzalez/
J. Scott,Rutter,"Raleigh-Durham, North Carolina Area",jscottrutter@msn.com,954.445.3350,SunTrust,"Branch Manager, Vice President ",11/25/2018 14:40,https://linkedin.com/in/jscottrutter/
Garry,Magnus,"Sydney, Australia",gmauctions@yahoo.com.au,,Lifestyle Rewards LLC,CEO,11/17/2018 8:42,https://linkedin.com/in/garry-magnus-2a65451b/
Maria,Bickham,"Brazoria, Texas",mariab77422@yahoo.com,9792998225,"C P Enterprises/Property Facelift Services, LLC/A-1 Lone Star Construction",Controller/CFO/Project Controller,11/19/2018 3:30,https://linkedin.com/in/mariabuck/
Shripad,Deshmukh,"Aurangabad, Maharashtra, India",deshmukhsc@gmail.com,9.19822E+11,Webmart Software Solutions,CEO,11/19/2018 21:25,https://linkedin.com/in/shripaddeshmukh/
Douglas,Palmer,"Wildomar, California",dnc_const@yahoo.com,951-660-8374,D&C Construction,President,11/18/2018 19:54,https://linkedin.com/in/douglas-palmer-88773858/
Angelina,Rosey,Nigeria,babalolajoshua8@gmail.com,,Fiverr Freelancing Enterprise,Golden Diamond,12/19/2018 22:07,https://linkedin.com/in/angelinarosey/
Rodney,Girouard,"Warwick, Rhode Island",rodneyjg1977@verizon.net,,Audi Warwick,Audi Brand Specialist/Lease Maturity Manager,12/26/2018 13:50,https://linkedin.com/in/rodney-girouard-b367a465/
Tony,Paolella,"Chicago, Illinois",anthonyp34@gmail.com,773.644.2947 ,AppointmentsIQ,Consultant and Advisor,12/28/2018 22:29,https://linkedin.com/in/tonypaolella/
Deepak,Battini,"City West Campus, South Australia, Australia",deepakkumar1984@gmail.com,61423959603,Flinders University,Sr. Programmer/Analyst,12/28/2018 23:28,https://linkedin.com/in/bdeepakkumar/
Mahtab,Hendi Keramati,Iran,m.petrochemical@gmail.com,,,,12/28/2018 23:20,https://linkedin.com/in/mahtab-hendi-keramati-6a4b537b/
Kathy,Robbins - MSML - ITIL,"Charlotte, North Carolina Area",kathy.robbins100M@gmail.com,,Publishing,Writer/Artist,12/30/2018 1:23,https://linkedin.com/in/kathyrobbins/
